active_balance_strength,covariance_coefficient,impact_coefficient,cost_adjustment_coefficient,best_bitstring,best_energy,selected_tickers,matches_base_support,jaccard_vs_base
0.5,0.02,0.01,0.025,11111100000,-4.200034933171617,"SGOV, BIL, SHY, QQQ, VUG, MTUM",True,1.0
0.5,0.02,0.01,0.05,11111100000,-4.181210970042152,"SGOV, BIL, SHY, QQQ, VUG, MTUM",True,1.0
0.5,0.02,0.01,0.1,11111100000,-4.14356304378322,"SGOV, BIL, SHY, QQQ, VUG, MTUM",True,1.0
0.5,0.02,0.02,0.025,11111100000,-4.192771023136064,"SGOV, BIL, SHY, QQQ, VUG, MTUM",True,1.0
0.5,0.02,0.02,0.05,11111100000,-4.173947060006599,"SGOV, BIL, SHY, QQQ, VUG, MTUM",True,1.0
0.5,0.02,0.02,0.1,11111100000,-4.136299133747667,"SGOV, BIL, SHY, QQQ, VUG, MTUM",True,1.0
0.5,0.02,0.04,0.025,11111100000,-4.17824320306496,"SGOV, BIL, SHY, QQQ, VUG, MTUM",True,1.0
0.5,0.02,0.04,0.05,11111100000,-4.159419239935494,"SGOV, BIL, SHY, QQQ, VUG, MTUM",True,1.0
0.5,0.02,0.04,0.1,11111100000,-4.121771313676563,"SGOV, BIL, SHY, QQQ, VUG, MTUM",True,1.0
0.5,0.04,0.01,0.025,11111100000,-4.112368535170051,"SGOV, BIL, SHY, QQQ, VUG, MTUM",True,1.0
0.5,0.04,0.01,0.05,11111100000,-4.093544572040586,"SGOV, BIL, SHY, QQQ, VUG, MTUM",True,1.0
0.5,0.04,0.01,0.1,11111100000,-4.0558966457816545,"SGOV, BIL, SHY, QQQ, VUG, MTUM",True,1.0
0.5,0.04,0.02,0.025,11111100000,-4.1051046251345,"SGOV, BIL, SHY, QQQ, VUG, MTUM",True,1.0
0.5,0.04,0.02,0.05,11111100000,-4.086280662005034,"SGOV, BIL, SHY, QQQ, VUG, MTUM",True,1.0
0.5,0.04,0.02,0.1,11111100000,-4.048632735746103,"SGOV, BIL, SHY, QQQ, VUG, MTUM",True,1.0
0.5,0.04,0.04,0.025,11111100000,-4.090576805063394,"SGOV, BIL, SHY, QQQ, VUG, MTUM",True,1.0
0.5,0.04,0.04,0.05,11111100000,-4.071752841933929,"SGOV, BIL, SHY, QQQ, VUG, MTUM",True,1.0
0.5,0.04,0.04,0.1,11111100000,-4.034104915674997,"SGOV, BIL, SHY, QQQ, VUG, MTUM",True,1.0
0.5,0.08,0.01,0.025,11111100000,-3.9370357391669213,"SGOV, BIL, SHY, QQQ, VUG, MTUM",True,1.0
0.5,0.08,0.01,0.05,11111100000,-3.918211776037456,"SGOV, BIL, SHY, QQQ, VUG, MTUM",True,1.0
0.5,0.08,0.01,0.1,11111100000,-3.8805638497785244,"SGOV, BIL, SHY, QQQ, VUG, MTUM",True,1.0
0.5,0.08,0.02,0.025,11111100000,-3.9297718291313695,"SGOV, BIL, SHY, QQQ, VUG, MTUM",True,1.0
0.5,0.08,0.02,0.05,11111100000,-3.910947866001904,"SGOV, BIL, SHY, QQQ, VUG, MTUM",True,1.0
0.5,0.08,0.02,0.1,11111100000,-3.8732999397429726,"SGOV, BIL, SHY, QQQ, VUG, MTUM",True,1.0
0.5,0.08,0.04,0.025,11111100000,-3.915244009060265,"SGOV, BIL, SHY, QQQ, VUG, MTUM",True,1.0
0.5,0.08,0.04,0.05,11111100000,-3.8964200459307996,"SGOV, BIL, SHY, QQQ, VUG, MTUM",True,1.0
0.5,0.08,0.04,0.1,11111100000,-3.858772119671868,"SGOV, BIL, SHY, QQQ, VUG, MTUM",True,1.0
1.0,0.02,0.01,0.025,11111100000,-4.181719314348349,"SGOV, BIL, SHY, QQQ, VUG, MTUM",True,1.0
1.0,0.02,0.01,0.05,11111100000,-4.162895351218884,"SGOV, BIL, SHY, QQQ, VUG, MTUM",True,1.0
1.0,0.02,0.01,0.1,11111100000,-4.1252474249599524,"SGOV, BIL, SHY, QQQ, VUG, MTUM",True,1.0
1.0,0.02,0.02,0.025,11111100000,-4.1744554043127975,"SGOV, BIL, SHY, QQQ, VUG, MTUM",True,1.0
1.0,0.02,0.02,0.05,11111100000,-4.155631441183332,"SGOV, BIL, SHY, QQQ, VUG, MTUM",True,1.0
1.0,0.02,0.02,0.1,11111100000,-4.117983514924401,"SGOV, BIL, SHY, QQQ, VUG, MTUM",True,1.0
1.0,0.02,0.04,0.025,11111100000,-4.159927584241693,"SGOV, BIL, SHY, QQQ, VUG, MTUM",True,1.0
1.0,0.02,0.04,0.05,11111100000,-4.141103621112228,"SGOV, BIL, SHY, QQQ, VUG, MTUM",True,1.0
1.0,0.02,0.04,0.1,11111100000,-4.103455694853295,"SGOV, BIL, SHY, QQQ, VUG, MTUM",True,1.0
1.0,0.04,0.01,0.025,11111100000,-4.094052916346785,"SGOV, BIL, SHY, QQQ, VUG, MTUM",True,1.0
1.0,0.04,0.01,0.05,11111100000,-4.075228953217319,"SGOV, BIL, SHY, QQQ, VUG, MTUM",True,1.0
1.0,0.04,0.01,0.1,11111100000,-4.037581026958387,"SGOV, BIL, SHY, QQQ, VUG, MTUM",True,1.0
1.0,0.04,0.02,0.025,11111100000,-4.086789006311232,"SGOV, BIL, SHY, QQQ, VUG, MTUM",True,1.0
1.0,0.04,0.02,0.05,11111100000,-4.067965043181767,"SGOV, BIL, SHY, QQQ, VUG, MTUM",True,1.0
1.0,0.04,0.02,0.1,11111100000,-4.030317116922835,"SGOV, BIL, SHY, QQQ, VUG, MTUM",True,1.0
1.0,0.04,0.04,0.025,11111100000,-4.072261186240128,"SGOV, BIL, SHY, QQQ, VUG, MTUM",True,1.0
1.0,0.04,0.04,0.05,11111100000,-4.053437223110663,"SGOV, BIL, SHY, QQQ, VUG, MTUM",True,1.0
1.0,0.04,0.04,0.1,11111100000,-4.0157892968517315,"SGOV, BIL, SHY, QQQ, VUG, MTUM",True,1.0
1.0,0.08,0.01,0.025,11111100000,-3.9187201203436546,"SGOV, BIL, SHY, QQQ, VUG, MTUM",True,1.0
1.0,0.08,0.01,0.05,11111100000,-3.8998961572141893,"SGOV, BIL, SHY, QQQ, VUG, MTUM",True,1.0
1.0,0.08,0.01,0.1,11111100000,-3.8622482309552577,"SGOV, BIL, SHY, QQQ, VUG, MTUM",True,1.0
1.0,0.08,0.02,0.025,11111100000,-3.911456210308102,"SGOV, BIL, SHY, QQQ, VUG, MTUM",True,1.0
1.0,0.08,0.02,0.05,11111100000,-3.8926322471786365,"SGOV, BIL, SHY, QQQ, VUG, MTUM",True,1.0
1.0,0.08,0.02,0.1,11111100000,-3.854984320919705,"SGOV, BIL, SHY, QQQ, VUG, MTUM",True,1.0
1.0,0.08,0.04,0.025,11111100000,-3.8969283902369973,"SGOV, BIL, SHY, QQQ, VUG, MTUM",True,1.0
1.0,0.08,0.04,0.05,11111100000,-3.878104427107532,"SGOV, BIL, SHY, QQQ, VUG, MTUM",True,1.0
1.0,0.08,0.04,0.1,11111100000,-3.8404565008486005,"SGOV, BIL, SHY, QQQ, VUG, MTUM",True,1.0
2.0,0.02,0.01,0.025,11111100000,-4.145088076701815,"SGOV, BIL, SHY, QQQ, VUG, MTUM",True,1.0
2.0,0.02,0.01,0.05,11111100000,-4.12626411357235,"SGOV, BIL, SHY, QQQ, VUG, MTUM",True,1.0
2.0,0.02,0.01,0.1,11111100000,-4.088616187313418,"SGOV, BIL, SHY, QQQ, VUG, MTUM",True,1.0
2.0,0.02,0.02,0.025,11111100000,-4.137824166666263,"SGOV, BIL, SHY, QQQ, VUG, MTUM",True,1.0
2.0,0.02,0.02,0.05,11111100000,-4.119000203536798,"SGOV, BIL, SHY, QQQ, VUG, MTUM",True,1.0
2.0,0.02,0.02,0.1,11111100000,-4.081352277277866,"SGOV, BIL, SHY, QQQ, VUG, MTUM",True,1.0
2.0,0.02,0.04,0.025,11111100000,-4.123296346595159,"SGOV, BIL, SHY, QQQ, VUG, MTUM",True,1.0
2.0,0.02,0.04,0.05,11111100000,-4.104472383465693,"SGOV, BIL, SHY, QQQ, VUG, MTUM",True,1.0
2.0,0.02,0.04,0.1,11111100000,-4.066824457206762,"SGOV, BIL, SHY, QQQ, VUG, MTUM",True,1.0
2.0,0.04,0.01,0.025,11111100000,-4.05742167870025,"SGOV, BIL, SHY, QQQ, VUG, MTUM",True,1.0
2.0,0.04,0.01,0.05,11111100000,-4.038597715570785,"SGOV, BIL, SHY, QQQ, VUG, MTUM",True,1.0
2.0,0.04,0.01,0.1,11111100000,-4.0009497893118535,"SGOV, BIL, SHY, QQQ, VUG, MTUM",True,1.0
2.0,0.04,0.02,0.025,11111100000,-4.050157768664699,"SGOV, BIL, SHY, QQQ, VUG, MTUM",True,1.0
2.0,0.04,0.02,0.05,11111100000,-4.031333805535233,"SGOV, BIL, SHY, QQQ, VUG, MTUM",True,1.0
2.0,0.04,0.02,0.1,11111100000,-3.9936858792763013,"SGOV, BIL, SHY, QQQ, VUG, MTUM",True,1.0
2.0,0.04,0.04,0.025,11111100000,-4.035629948593594,"SGOV, BIL, SHY, QQQ, VUG, MTUM",True,1.0
2.0,0.04,0.04,0.05,11111100000,-4.016805985464129,"SGOV, BIL, SHY, QQQ, VUG, MTUM",True,1.0
2.0,0.04,0.04,0.1,11111100000,-3.979158059205197,"SGOV, BIL, SHY, QQQ, VUG, MTUM",True,1.0
2.0,0.08,0.01,0.025,11111100000,-3.8820888826971203,"SGOV, BIL, SHY, QQQ, VUG, MTUM",True,1.0
2.0,0.08,0.01,0.05,11111100000,-3.863264919567655,"SGOV, BIL, SHY, QQQ, VUG, MTUM",True,1.0
2.0,0.08,0.01,0.1,11111100000,-3.8256169933087234,"SGOV, BIL, SHY, QQQ, VUG, MTUM",True,1.0
2.0,0.08,0.02,0.025,11111100000,-3.8748249726615676,"SGOV, BIL, SHY, QQQ, VUG, MTUM",True,1.0
2.0,0.08,0.02,0.05,11111100000,-3.8560010095321022,"SGOV, BIL, SHY, QQQ, VUG, MTUM",True,1.0
2.0,0.08,0.02,0.1,11111100000,-3.8183530832731707,"SGOV, BIL, SHY, QQQ, VUG, MTUM",True,1.0
2.0,0.08,0.04,0.025,11111100000,-3.8602971525904635,"SGOV, BIL, SHY, QQQ, VUG, MTUM",True,1.0
2.0,0.08,0.04,0.05,11111100000,-3.841473189460998,"SGOV, BIL, SHY, QQQ, VUG, MTUM",True,1.0
2.0,0.08,0.04,0.1,11111100000,-3.8038252632020666,"SGOV, BIL, SHY, QQQ, VUG, MTUM",True,1.0
