rank,bitstring,energy,selected_indices,selected_tickers
1,11111100000,-4.067965043181767,"(0, 1, 2, 3, 4, 5)","SGOV, BIL, SHY, QQQ, VUG, MTUM"
2,11111010000,-4.0356711404597085,"(0, 1, 2, 3, 4, 6)","SGOV, BIL, SHY, QQQ, VUG, SPY"
3,11111000001,-3.991806448405642,"(0, 1, 2, 3, 4, 10)","SGOV, BIL, SHY, QQQ, VUG, USMV"
4,11111001000,-3.9843279734717325,"(0, 1, 2, 3, 4, 7)","SGOV, BIL, SHY, QQQ, VUG, EWC"
5,11111000010,-3.9792363202487357,"(0, 1, 2, 3, 4, 9)","SGOV, BIL, SHY, QQQ, VUG, VGK"
6,11110110000,-3.944264500668221,"(0, 1, 2, 3, 5, 6)","SGOV, BIL, SHY, QQQ, MTUM, SPY"
7,11111000100,-3.9239110557549037,"(0, 1, 2, 3, 4, 8)","SGOV, BIL, SHY, QQQ, VUG, EEM"
8,11110101000,-3.895344542564005,"(0, 1, 2, 3, 5, 7)","SGOV, BIL, SHY, QQQ, MTUM, EWC"
9,11110100001,-3.890602670343683,"(0, 1, 2, 3, 5, 10)","SGOV, BIL, SHY, QQQ, MTUM, USMV"
10,11110100010,-3.884264406844772,"(0, 1, 2, 3, 5, 9)","SGOV, BIL, SHY, QQQ, MTUM, VGK"
11,11110011000,-3.852566886257183,"(0, 1, 2, 3, 6, 7)","SGOV, BIL, SHY, QQQ, SPY, EWC"
12,11110010001,-3.838045840493458,"(0, 1, 2, 3, 6, 10)","SGOV, BIL, SHY, QQQ, SPY, USMV"
13,11110010010,-3.8370380338243644,"(0, 1, 2, 3, 6, 9)","SGOV, BIL, SHY, QQQ, SPY, VGK"
14,11110100100,-3.83357349361463,"(0, 1, 2, 3, 5, 8)","SGOV, BIL, SHY, QQQ, MTUM, EEM"
15,11101110000,-3.802061494437423,"(0, 1, 2, 4, 5, 6)","SGOV, BIL, SHY, VUG, MTUM, SPY"
16,11110001001,-3.793513514219063,"(0, 1, 2, 3, 7, 10)","SGOV, BIL, SHY, QQQ, EWC, USMV"
17,11110001010,-3.790827932255187,"(0, 1, 2, 3, 7, 9)","SGOV, BIL, SHY, QQQ, EWC, VGK"
18,11110010100,-3.790231484650269,"(0, 1, 2, 3, 6, 8)","SGOV, BIL, SHY, QQQ, SPY, EEM"
19,11110000011,-3.7709441935188597,"(0, 1, 2, 3, 9, 10)","SGOV, BIL, SHY, QQQ, VGK, USMV"
20,11101101000,-3.7574500790862837,"(0, 1, 2, 4, 5, 7)","SGOV, BIL, SHY, VUG, MTUM, EWC"
21,11110001100,-3.7425752248808806,"(0, 1, 2, 3, 7, 8)","SGOV, BIL, SHY, QQQ, EWC, EEM"
22,11101100010,-3.7356843736718286,"(0, 1, 2, 4, 5, 9)","SGOV, BIL, SHY, VUG, MTUM, VGK"
23,11110000101,-3.730713518183031,"(0, 1, 2, 3, 8, 10)","SGOV, BIL, SHY, QQQ, EEM, USMV"
24,11101100001,-3.729340727732575,"(0, 1, 2, 4, 5, 10)","SGOV, BIL, SHY, VUG, MTUM, USMV"
25,11110000110,-3.728651358523077,"(0, 1, 2, 3, 8, 9)","SGOV, BIL, SHY, QQQ, EEM, VGK"
26,11101011000,-3.701617183798774,"(0, 1, 2, 4, 6, 7)","SGOV, BIL, SHY, VUG, SPY, EWC"
27,11101100100,-3.694328371741568,"(0, 1, 2, 4, 5, 8)","SGOV, BIL, SHY, VUG, MTUM, EEM"
28,11101010010,-3.675402761670735,"(0, 1, 2, 4, 6, 9)","SGOV, BIL, SHY, VUG, SPY, VGK"
29,11101010001,-3.6637286589016638,"(0, 1, 2, 4, 6, 10)","SGOV, BIL, SHY, VUG, SPY, USMV"
30,11101010100,-3.6379311237965215,"(0, 1, 2, 4, 6, 8)","SGOV, BIL, SHY, VUG, SPY, EEM"
31,11101001010,-3.6335012028546325,"(0, 1, 2, 4, 7, 9)","SGOV, BIL, SHY, VUG, EWC, VGK"
32,11101001001,-3.6235048753803434,"(0, 1, 2, 4, 7, 10)","SGOV, BIL, SHY, VUG, EWC, USMV"
33,11101001100,-3.594583406780208,"(0, 1, 2, 4, 7, 8)","SGOV, BIL, SHY, VUG, EWC, EEM"
34,11101000011,-3.5902499849849185,"(0, 1, 2, 4, 9, 10)","SGOV, BIL, SHY, VUG, VGK, USMV"
35,11100111000,-3.581653006449949,"(0, 1, 2, 5, 6, 7)","SGOV, BIL, SHY, MTUM, SPY, EWC"
36,11101000110,-3.569973970727183,"(0, 1, 2, 4, 8, 9)","SGOV, BIL, SHY, VUG, EEM, VGK"
37,11101000101,-3.5593542209489715,"(0, 1, 2, 4, 8, 10)","SGOV, BIL, SHY, VUG, EEM, USMV"
38,11100110010,-3.549450101825673,"(0, 1, 2, 5, 6, 9)","SGOV, BIL, SHY, MTUM, SPY, VGK"
39,11100110001,-3.531544134398607,"(0, 1, 2, 5, 6, 10)","SGOV, BIL, SHY, MTUM, SPY, USMV"
40,11100110100,-3.516612815215149,"(0, 1, 2, 5, 6, 8)","SGOV, BIL, SHY, MTUM, SPY, EEM"
41,11100101010,-3.5099717518933313,"(0, 1, 2, 5, 7, 9)","SGOV, BIL, SHY, MTUM, EWC, VGK"
42,11100101001,-3.493743559761047,"(0, 1, 2, 5, 7, 10)","SGOV, BIL, SHY, MTUM, EWC, USMV"
43,11100101100,-3.475688307082596,"(0, 1, 2, 5, 7, 8)","SGOV, BIL, SHY, MTUM, EWC, EEM"
44,11100100011,-3.4545001868693856,"(0, 1, 2, 5, 9, 10)","SGOV, BIL, SHY, MTUM, VGK, USMV"
45,11100100110,-3.445090388533335,"(0, 1, 2, 5, 8, 9)","SGOV, BIL, SHY, MTUM, EEM, VGK"
46,11100011010,-3.4392063863074736,"(0, 1, 2, 6, 7, 9)","SGOV, BIL, SHY, SPY, EWC, VGK"
47,11100100101,-3.4282387740971285,"(0, 1, 2, 5, 8, 10)","SGOV, BIL, SHY, MTUM, EEM, USMV"
48,11100011001,-3.4176477373453715,"(0, 1, 2, 6, 7, 10)","SGOV, BIL, SHY, SPY, EWC, USMV"
49,11100011100,-3.4088073055527857,"(0, 1, 2, 6, 7, 8)","SGOV, BIL, SHY, SPY, EWC, EEM"
50,11100010011,-3.373955647740125,"(0, 1, 2, 6, 9, 10)","SGOV, BIL, SHY, SPY, VGK, USMV"
51,11100010110,-3.373760670289939,"(0, 1, 2, 6, 8, 9)","SGOV, BIL, SHY, SPY, EEM, VGK"
52,11100010101,-3.3515785990239153,"(0, 1, 2, 6, 8, 10)","SGOV, BIL, SHY, SPY, EEM, USMV"
53,11100001011,-3.338864929637603,"(0, 1, 2, 7, 9, 10)","SGOV, BIL, SHY, EWC, VGK, USMV"
54,11100001110,-3.335546018692424,"(0, 1, 2, 7, 8, 9)","SGOV, BIL, SHY, EWC, EEM, VGK"
55,11100001101,-3.315041722721182,"(0, 1, 2, 7, 8, 10)","SGOV, BIL, SHY, EWC, EEM, USMV"
56,11100000111,-3.272954619190951,"(0, 1, 2, 8, 9, 10)","SGOV, BIL, SHY, EEM, VGK, USMV"
57,11000110011,-2.244051609161549,"(0, 1, 5, 6, 9, 10)","SGOV, BIL, MTUM, SPY, VGK, USMV"
58,11000011011,-2.2198985145594627,"(0, 1, 6, 7, 9, 10)","SGOV, BIL, SPY, EWC, VGK, USMV"
59,11001010011,-2.1954620097838307,"(0, 1, 4, 6, 9, 10)","SGOV, BIL, VUG, SPY, VGK, USMV"
60,11000010111,-2.1799673388385132,"(0, 1, 6, 8, 9, 10)","SGOV, BIL, SPY, EEM, VGK, USMV"
61,11000111001,-2.1578605340640005,"(0, 1, 5, 6, 7, 10)","SGOV, BIL, MTUM, SPY, EWC, USMV"
62,11000101011,-2.1549048785999227,"(0, 1, 5, 7, 9, 10)","SGOV, BIL, MTUM, EWC, VGK, USMV"
63,11001100011,-2.119984620239527,"(0, 1, 4, 5, 9, 10)","SGOV, BIL, VUG, MTUM, VGK, USMV"
64,11000110101,-2.118334883125785,"(0, 1, 5, 6, 8, 10)","SGOV, BIL, MTUM, SPY, EEM, USMV"
65,11001110001,-2.1176361419125795,"(0, 1, 4, 5, 6, 10)","SGOV, BIL, VUG, MTUM, SPY, USMV"
66,11000100111,-2.1155380555365118,"(0, 1, 5, 8, 9, 10)","SGOV, BIL, MTUM, EEM, VGK, USMV"
67,11001001011,-2.1038920703384445,"(0, 1, 4, 7, 9, 10)","SGOV, BIL, VUG, EWC, VGK, USMV"
68,11001011001,-2.1032824521900455,"(0, 1, 4, 6, 7, 10)","SGOV, BIL, VUG, SPY, EWC, USMV"
69,11000011101,-2.096619994379535,"(0, 1, 6, 7, 8, 10)","SGOV, BIL, SPY, EWC, EEM, USMV"
70,11000001111,-2.0920843066117154,"(0, 1, 7, 8, 9, 10)","SGOV, BIL, EWC, EEM, VGK, USMV"
71,11001000111,-2.0658793785075797,"(0, 1, 4, 8, 9, 10)","SGOV, BIL, VUG, EEM, VGK, USMV"
72,11001010101,-2.0651109324843766,"(0, 1, 4, 6, 8, 10)","SGOV, BIL, VUG, SPY, EEM, USMV"
73,11000111010,-2.03681468915235,"(0, 1, 5, 6, 7, 9)","SGOV, BIL, MTUM, SPY, EWC, VGK"
74,11010010011,-2.0285792189241816,"(0, 1, 3, 6, 9, 10)","SGOV, BIL, QQQ, SPY, VGK, USMV"
75,11000101101,-2.0277419943639483,"(0, 1, 5, 7, 8, 10)","SGOV, BIL, MTUM, EWC, EEM, USMV"
76,11001101001,-2.0233563459321573,"(0, 1, 4, 5, 7, 10)","SGOV, BIL, VUG, MTUM, EWC, USMV"
77,11000110110,-1.9979124605180565,"(0, 1, 5, 6, 8, 9)","SGOV, BIL, MTUM, SPY, EEM, VGK"
78,11001110010,-1.9867057508078991,"(0, 1, 4, 5, 6, 9)","SGOV, BIL, VUG, MTUM, SPY, VGK"
79,11001100101,-1.9857491788840258,"(0, 1, 4, 5, 8, 10)","SGOV, BIL, VUG, MTUM, EEM, USMV"
80,11000011110,-1.9798502533068434,"(0, 1, 6, 7, 8, 9)","SGOV, BIL, SPY, EWC, EEM, VGK"
81,11001011010,-1.9760047426204006,"(0, 1, 4, 6, 7, 9)","SGOV, BIL, VUG, SPY, EWC, VGK"
82,11001001101,-1.9720948348387808,"(0, 1, 4, 7, 8, 10)","SGOV, BIL, VUG, EWC, EEM, USMV"
83,11010100011,-1.9400465903991906,"(0, 1, 3, 5, 9, 10)","SGOV, BIL, QQQ, MTUM, VGK, USMV"
84,11001010110,-1.9384566452186538,"(0, 1, 4, 6, 8, 9)","SGOV, BIL, VUG, SPY, EEM, VGK"
85,11010001011,-1.9327007367257192,"(0, 1, 3, 7, 9, 10)","SGOV, BIL, QQQ, EWC, VGK, USMV"
86,11010110001,-1.9313210851300981,"(0, 1, 3, 5, 6, 10)","SGOV, BIL, QQQ, MTUM, SPY, USMV"
87,11010011001,-1.9257140916351752,"(0, 1, 3, 6, 7, 10)","SGOV, BIL, QQQ, SPY, EWC, USMV"
88,11000101110,-1.9056417964614383,"(0, 1, 5, 7, 8, 9)","SGOV, BIL, MTUM, EWC, EEM, VGK"
89,11000111100,-1.9030759310781082,"(0, 1, 5, 6, 7, 8)","SGOV, BIL, MTUM, SPY, EWC, EEM"
90,11010000111,-1.8960387032901962,"(0, 1, 3, 8, 9, 10)","SGOV, BIL, QQQ, EEM, VGK, USMV"
91,11001101010,-1.8907481795326944,"(0, 1, 4, 5, 7, 9)","SGOV, BIL, VUG, MTUM, EWC, VGK"
92,11010010101,-1.8888932303248458,"(0, 1, 3, 6, 8, 10)","SGOV, BIL, QQQ, SPY, EEM, USMV"
93,11001111000,-1.8830370082331447,"(0, 1, 4, 5, 6, 7)","SGOV, BIL, VUG, MTUM, SPY, EWC"
94,11011000011,-1.8604762445803757,"(0, 1, 3, 4, 9, 10)","SGOV, BIL, QQQ, VUG, VGK, USMV"
95,11001100110,-1.8537644347884856,"(0, 1, 4, 5, 8, 9)","SGOV, BIL, VUG, MTUM, EEM, VGK"
96,11011010001,-1.848185465698807,"(0, 1, 3, 4, 6, 10)","SGOV, BIL, QQQ, VUG, SPY, USMV"
97,11001110100,-1.8458944356141322,"(0, 1, 4, 5, 6, 8)","SGOV, BIL, VUG, MTUM, SPY, EEM"
98,11001001110,-1.8437627722782755,"(0, 1, 4, 7, 8, 9)","SGOV, BIL, VUG, EWC, EEM, VGK"
99,11001011100,-1.8376316332824691,"(0, 1, 4, 6, 7, 8)","SGOV, BIL, VUG, SPY, EWC, EEM"
100,11010101001,-1.8327327463965992,"(0, 1, 3, 5, 7, 10)","SGOV, BIL, QQQ, MTUM, EWC, USMV"
101,11010100101,-1.7964762377438088,"(0, 1, 3, 5, 8, 10)","SGOV, BIL, QQQ, MTUM, EEM, USMV"
102,11010001101,-1.7915685899261744,"(0, 1, 3, 7, 8, 10)","SGOV, BIL, QQQ, EWC, EEM, USMV"
103,11010110010,-1.7877087845872532,"(0, 1, 3, 5, 6, 9)","SGOV, BIL, QQQ, MTUM, SPY, VGK"
104,11010011010,-1.7857544726273655,"(0, 1, 3, 6, 7, 9)","SGOV, BIL, QQQ, SPY, EWC, VGK"
105,11010010110,-1.7495570336209587,"(0, 1, 3, 6, 8, 9)","SGOV, BIL, QQQ, SPY, EEM, VGK"
106,11001101100,-1.7484907061387163,"(0, 1, 4, 5, 7, 8)","SGOV, BIL, VUG, MTUM, EWC, EEM"
107,11011001001,-1.7471739180815473,"(0, 1, 3, 4, 7, 10)","SGOV, BIL, QQQ, VUG, EWC, USMV"
108,11011100001,-1.744720366875467,"(0, 1, 3, 4, 5, 10)","SGOV, BIL, QQQ, VUG, MTUM, USMV"
109,11011000101,-1.7122715406613032,"(0, 1, 3, 4, 8, 10)","SGOV, BIL, QQQ, VUG, EEM, USMV"
110,11011010010,-1.6983413004979662,"(0, 1, 3, 4, 6, 9)","SGOV, BIL, QQQ, VUG, SPY, VGK"
111,11010101010,-1.6874426705589718,"(0, 1, 3, 5, 7, 9)","SGOV, BIL, QQQ, MTUM, EWC, VGK"
112,11010111000,-1.6733544723172762,"(0, 1, 3, 5, 6, 7)","SGOV, BIL, QQQ, MTUM, SPY, EWC"
113,11010100110,-1.6518095842101026,"(0, 1, 3, 5, 8, 9)","SGOV, BIL, QQQ, MTUM, EEM, VGK"
114,11010001110,-1.6505546179275035,"(0, 1, 3, 7, 8, 9)","SGOV, BIL, QQQ, EWC, EEM, VGK"
115,11010011100,-1.6380464519895526,"(0, 1, 3, 6, 7, 8)","SGOV, BIL, QQQ, SPY, EWC, EEM"
116,11010110100,-1.6375625580936042,"(0, 1, 3, 5, 6, 8)","SGOV, BIL, QQQ, MTUM, SPY, EEM"
117,11011001010,-1.5956519775859253,"(0, 1, 3, 4, 7, 9)","SGOV, BIL, QQQ, VUG, EWC, VGK"
118,11011100010,-1.5895457448448091,"(0, 1, 3, 4, 5, 9)","SGOV, BIL, QQQ, VUG, MTUM, VGK"
119,11011011000,-1.5779985057317534,"(0, 1, 3, 4, 6, 7)","SGOV, BIL, QQQ, VUG, SPY, EWC"
120,11011110000,-1.5701534128120906,"(0, 1, 3, 4, 5, 6)","SGOV, BIL, QQQ, VUG, MTUM, SPY"
121,11011000110,-1.5613730224696027,"(0, 1, 3, 4, 8, 9)","SGOV, BIL, QQQ, VUG, EEM, VGK"
122,11011010100,-1.543560722740628,"(0, 1, 3, 4, 6, 8)","SGOV, BIL, QQQ, VUG, SPY, EEM"
123,11010101100,-1.535850285865112,"(0, 1, 3, 5, 7, 8)","SGOV, BIL, QQQ, MTUM, EWC, EEM"
124,11011101000,-1.464754233365011,"(0, 1, 3, 4, 5, 7)","SGOV, BIL, QQQ, VUG, MTUM, EWC"
125,11011001100,-1.439425241628375,"(0, 1, 3, 4, 7, 8)","SGOV, BIL, QQQ, VUG, EWC, EEM"
126,11011100100,-1.4308808030314233,"(0, 1, 3, 4, 5, 8)","SGOV, BIL, QQQ, VUG, MTUM, EEM"
127,10100110011,-1.4297642418093393,"(0, 2, 5, 6, 9, 10)","SGOV, SHY, MTUM, SPY, VGK, USMV"
128,10100011011,-1.4186074021763297,"(0, 2, 6, 7, 9, 10)","SGOV, SHY, SPY, EWC, VGK, USMV"
129,10100010111,-1.3820320417400742,"(0, 2, 6, 8, 9, 10)","SGOV, SHY, SPY, EEM, VGK, USMV"
130,10101010011,-1.3558958424414271,"(0, 2, 4, 6, 9, 10)","SGOV, SHY, VUG, SPY, VGK, USMV"
131,10100101011,-1.3335555810075932,"(0, 2, 5, 7, 9, 10)","SGOV, SHY, MTUM, EWC, VGK, USMV"
132,10100111001,-1.3271147256895284,"(0, 2, 5, 6, 7, 10)","SGOV, SHY, MTUM, SPY, EWC, USMV"
133,10100100111,-1.2975445732288757,"(0, 2, 5, 8, 9, 10)","SGOV, SHY, MTUM, EEM, VGK, USMV"
134,10100110101,-1.2909448900360068,"(0, 2, 5, 6, 8, 10)","SGOV, SHY, MTUM, SPY, EEM, USMV"
135,10100001111,-1.2870870792731561,"(0, 2, 7, 8, 9, 10)","SGOV, SHY, EWC, EEM, VGK, USMV"
136,10100011101,-1.2822262562588334,"(0, 2, 6, 7, 8, 10)","SGOV, SHY, SPY, EWC, EEM, USMV"
137,10101100011,-1.2603602676879255,"(0, 2, 4, 5, 9, 10)","SGOV, SHY, VUG, MTUM, VGK, USMV"
138,10101001011,-1.2572639727559207,"(0, 2, 4, 7, 9, 10)","SGOV, SHY, VUG, EWC, VGK, USMV"
139,10101110001,-1.248615278578837,"(0, 2, 4, 5, 6, 10)","SGOV, SHY, VUG, MTUM, SPY, USMV"
140,10101011001,-1.2472578438253792,"(0, 2, 4, 6, 7, 10)","SGOV, SHY, VUG, SPY, EWC, USMV"
141,10101000111,-1.2226070962097495,"(0, 2, 4, 8, 9, 10)","SGOV, SHY, VUG, EEM, VGK, USMV"
142,10101010101,-1.2124421394044047,"(0, 2, 4, 6, 8, 10)","SGOV, SHY, VUG, SPY, EEM, USMV"
143,10100101101,-1.19329007103405,"(0, 2, 5, 7, 8, 10)","SGOV, SHY, MTUM, EWC, EEM, USMV"
144,10100111010,-1.186801931368183,"(0, 2, 5, 6, 7, 9)","SGOV, SHY, MTUM, SPY, EWC, VGK"
145,10100110110,-1.151255518018584,"(0, 2, 5, 6, 8, 9)","SGOV, SHY, MTUM, SPY, EEM, VGK"
146,10101101001,-1.147273552358294,"(0, 2, 4, 5, 7, 10)","SGOV, SHY, VUG, MTUM, EWC, USMV"
147,10100011110,-1.1461895657764472,"(0, 2, 6, 7, 8, 9)","SGOV, SHY, SPY, EWC, EEM, VGK"
148,10110010011,-1.1417939187683706,"(0, 2, 3, 6, 9, 10)","SGOV, SHY, QQQ, SPY, VGK, USMV"
149,10101100101,-1.1130222005948567,"(0, 2, 4, 5, 8, 10)","SGOV, SHY, VUG, MTUM, EEM, USMV"
150,10101001101,-1.112364111518688,"(0, 2, 4, 7, 8, 10)","SGOV, SHY, VUG, EWC, EEM, USMV"
151,10101011010,-1.1007131848460396,"(0, 2, 4, 6, 7, 9)","SGOV, SHY, VUG, SPY, EWC, VGK"
152,10101110010,-1.0984179380644612,"(0, 2, 4, 5, 6, 9)","SGOV, SHY, VUG, MTUM, SPY, VGK"
153,10101010110,-1.0665209027289873,"(0, 2, 4, 6, 8, 9)","SGOV, SHY, VUG, SPY, EEM, VGK"
154,10100101110,-1.0519229237218446,"(0, 2, 5, 7, 8, 9)","SGOV, SHY, MTUM, EWC, EEM, VGK"
155,10100111100,-1.0399605475563733,"(0, 2, 5, 6, 7, 8)","SGOV, SHY, MTUM, SPY, EWC, EEM"
156,10110001011,-1.0388535063297888,"(0, 2, 3, 7, 9, 10)","SGOV, SHY, QQQ, EWC, VGK, USMV"
157,10110100011,-1.033203105034183,"(0, 2, 3, 5, 9, 10)","SGOV, SHY, QQQ, MTUM, VGK, USMV"
158,10110011001,-1.0224703504571022,"(0, 2, 3, 6, 7, 10)","SGOV, SHY, QQQ, SPY, EWC, USMV"
159,10110110001,-1.015081088982949,"(0, 2, 3, 5, 6, 10)","SGOV, SHY, QQQ, MTUM, SPY, USMV"
160,10110000111,-1.005547288178958,"(0, 2, 3, 8, 9, 10)","SGOV, SHY, QQQ, EEM, VGK, USMV"
161,10101101010,-0.9953984365491362,"(0, 2, 4, 5, 7, 9)","SGOV, SHY, VUG, MTUM, EWC, VGK"
162,10110010101,-0.9890053044314668,"(0, 2, 3, 6, 8, 10)","SGOV, SHY, QQQ, SPY, EEM, USMV"
163,10101111000,-0.9782907544674444,"(0, 2, 4, 5, 6, 7)","SGOV, SHY, VUG, MTUM, SPY, EWC"
164,10101001110,-0.964765099548488,"(0, 2, 4, 7, 8, 9)","SGOV, SHY, VUG, EWC, EEM, VGK"
165,10101100110,-0.961770507089621,"(0, 2, 4, 5, 8, 9)","SGOV, SHY, VUG, MTUM, EEM, VGK"
166,10101011100,-0.94923744977054,"(0, 2, 4, 6, 7, 8)","SGOV, SHY, VUG, SPY, EWC, EEM"
167,10101110100,-0.9445039971331259,"(0, 2, 4, 5, 6, 8)","SGOV, SHY, VUG, MTUM, SPY, EEM"
168,10111000011,-0.9283539592251735,"(0, 2, 3, 4, 9, 10)","SGOV, SHY, QQQ, VUG, VGK, USMV"
169,10110101001,-0.9094308200093297,"(0, 2, 3, 5, 7, 10)","SGOV, SHY, QQQ, MTUM, EWC, USMV"
170,10111010001,-0.9066666695614631,"(0, 2, 3, 4, 6, 10)","SGOV, SHY, QQQ, VUG, SPY, USMV"
171,10110001101,-0.8846187337926752,"(0, 2, 3, 7, 8, 10)","SGOV, SHY, QQQ, EWC, EEM, USMV"
172,10110100101,-0.8765301266412324,"(0, 2, 3, 5, 8, 10)","SGOV, SHY, QQQ, MTUM, EEM, USMV"
173,10110011010,-0.8632437820395977,"(0, 2, 3, 6, 7, 9)","SGOV, SHY, QQQ, SPY, EWC, VGK"
174,10110110010,-0.8522018390304087,"(0, 2, 3, 5, 6, 9)","SGOV, SHY, QQQ, MTUM, SPY, VGK"
175,10101101100,-0.8400383374175902,"(0, 2, 4, 5, 7, 8)","SGOV, SHY, VUG, MTUM, EWC, EEM"
176,10110010110,-0.830402158317884,"(0, 2, 3, 6, 8, 9)","SGOV, SHY, QQQ, SPY, EEM, VGK"
177,10111001001,-0.7985931917040836,"(0, 2, 3, 4, 7, 10)","SGOV, SHY, QQQ, VUG, EWC, USMV"
178,10111100001,-0.783143385528926,"(0, 2, 3, 4, 5, 10)","SGOV, SHY, QQQ, VUG, MTUM, USMV"
179,10111000101,-0.767046629568533,"(0, 2, 3, 4, 8, 10)","SGOV, SHY, QQQ, VUG, EEM, USMV"
180,10110101010,-0.7448737947620074,"(0, 2, 3, 5, 7, 9)","SGOV, SHY, QQQ, MTUM, EWC, VGK"
181,10111010010,-0.7375555549509283,"(0, 2, 3, 4, 6, 9)","SGOV, SHY, QQQ, VUG, SPY, VGK"
182,10110001110,-0.7243378123843103,"(0, 2, 3, 7, 8, 9)","SGOV, SHY, QQQ, EWC, EEM, VGK"
183,10110111000,-0.7213890857381702,"(0, 2, 3, 5, 6, 7)","SGOV, SHY, QQQ, MTUM, SPY, EWC"
184,10110100110,-0.7125965236978318,"(0, 2, 3, 5, 8, 9)","SGOV, SHY, QQQ, MTUM, EEM, VGK"
185,01100110011,-0.706462692230621,"(1, 2, 5, 6, 9, 10)","BIL, SHY, MTUM, SPY, VGK, USMV"
186,01100011011,-0.7046870226990847,"(1, 2, 6, 7, 9, 10)","BIL, SHY, SPY, EWC, VGK, USMV"
187,10110011100,-0.7024331356642164,"(0, 2, 3, 6, 7, 8)","SGOV, SHY, QQQ, SPY, EWC, EEM"
188,10110110100,-0.6889529867991908,"(0, 2, 3, 5, 6, 8)","SGOV, SHY, QQQ, MTUM, SPY, EEM"
189,01100010111,-0.6714328462553572,"(1, 2, 6, 8, 9, 10)","BIL, SHY, SPY, EEM, VGK, USMV"
190,10111001010,-0.6278043017987667,"(0, 2, 3, 4, 7, 9)","SGOV, SHY, QQQ, VUG, EWC, VGK"
191,01101010011,-0.6131955568663421,"(1, 2, 4, 6, 9, 10)","BIL, SHY, VUG, SPY, VGK, USMV"
192,10111100010,-0.6087018140885738,"(0, 2, 3, 4, 5, 9)","SGOV, SHY, QQQ, VUG, MTUM, VGK"
193,01100101011,-0.6045835727632829,"(1, 2, 5, 7, 9, 10)","BIL, SHY, MTUM, EWC, VGK, USMV"
194,10111011000,-0.6007543191624527,"(0, 2, 3, 4, 6, 7)","SGOV, SHY, QQQ, VUG, SPY, EWC"
195,10111000110,-0.5968811619671373,"(0, 2, 3, 4, 8, 9)","SGOV, SHY, QQQ, VUG, EEM, VGK"
196,01100111001,-0.590502130110329,"(1, 2, 5, 6, 7, 10)","BIL, SHY, MTUM, SPY, EWC, USMV"
197,10110101100,-0.5801787843305788,"(0, 2, 3, 5, 7, 8)","SGOV, SHY, QQQ, MTUM, EWC, EEM"
198,10111110000,-0.5799129712737132,"(0, 2, 3, 4, 5, 6)","SGOV, SHY, QQQ, VUG, MTUM, SPY"
199,01100100111,-0.5718937489770939,"(1, 2, 5, 8, 9, 10)","BIL, SHY, MTUM, EEM, VGK, USMV"
200,01100001111,-0.5708174251228466,"(1, 2, 7, 8, 9, 10)","BIL, SHY, EWC, EEM, VGK, USMV"
201,10111010100,-0.5696723514560205,"(0, 2, 3, 4, 6, 8)","SGOV, SHY, QQQ, VUG, SPY, EEM"
202,01100011101,-0.5583160147736361,"(1, 2, 6, 7, 8, 10)","BIL, SHY, SPY, EWC, EEM, USMV"
203,01100110101,-0.5576534784493363,"(1, 2, 5, 6, 8, 10)","BIL, SHY, MTUM, SPY, EEM, USMV"
204,01101001011,-0.5088932285152441,"(1, 2, 4, 7, 9, 10)","BIL, SHY, VUG, EWC, VGK, USMV"
205,01101100011,-0.5026083533457766,"(1, 2, 4, 5, 9, 10)","BIL, SHY, VUG, MTUM, VGK, USMV"
206,01101011001,-0.4912465122498131,"(1, 2, 4, 6, 7, 10)","BIL, SHY, VUG, SPY, EWC, USMV"
207,01101110001,-0.4832227769017985,"(1, 2, 4, 5, 6, 10)","BIL, SHY, VUG, MTUM, SPY, USMV"
208,01101000111,-0.4775575359616018,"(1, 2, 4, 8, 9, 10)","BIL, SHY, VUG, EEM, VGK, USMV"
209,10111101000,-0.4674518615865142,"(0, 2, 3, 4, 5, 7)","SGOV, SHY, QQQ, VUG, MTUM, EWC"
210,01101010101,-0.4597519918213675,"(1, 2, 4, 6, 8, 10)","BIL, SHY, VUG, SPY, EEM, USMV"
211,10111001100,-0.45847494010364853,"(0, 2, 3, 4, 7, 8)","SGOV, SHY, QQQ, VUG, EWC, EEM"
212,01100101101,-0.4543282007817875,"(1, 2, 5, 7, 8, 10)","BIL, SHY, MTUM, EWC, EEM, USMV"
213,10111100100,-0.4369342465376196,"(0, 2, 3, 4, 5, 8)","SGOV, SHY, QQQ, VUG, MTUM, EEM"
214,01100111010,-0.43632253475904115,"(1, 2, 5, 6, 7, 9)","BIL, SHY, MTUM, SPY, EWC, VGK"
215,01100011110,-0.40841252326130606,"(1, 2, 6, 7, 8, 9)","BIL, SHY, SPY, EWC, EEM, VGK"
216,01100110110,-0.40409730540197053,"(1, 2, 5, 6, 8, 9)","BIL, SHY, MTUM, SPY, EEM, VGK"
217,01101101001,-0.3762105920156631,"(1, 2, 4, 5, 7, 10)","BIL, SHY, VUG, MTUM, EWC, USMV"
218,01110010011,-0.36259800016959653,"(1, 2, 3, 6, 9, 10)","BIL, SHY, QQQ, SPY, VGK, USMV"
219,01101001101,-0.3540035052700583,"(1, 2, 4, 7, 8, 10)","BIL, SHY, VUG, EWC, EEM, USMV"
220,01101100101,-0.3452804242447547,"(1, 2, 4, 5, 8, 10)","BIL, SHY, VUG, MTUM, EEM, USMV"
221,01101011010,-0.33083505224053056,"(1, 2, 4, 6, 7, 9)","BIL, SHY, VUG, SPY, EWC, VGK"
222,01101110010,-0.3191586353574798,"(1, 2, 4, 5, 6, 9)","BIL, SHY, VUG, MTUM, SPY, VGK"
223,01101010110,-0.2999639541160075,"(1, 2, 4, 6, 8, 9)","BIL, SHY, VUG, SPY, EEM, VGK"
224,01100101110,-0.2990942524396396,"(1, 2, 5, 7, 8, 9)","BIL, SHY, MTUM, EWC, EEM, VGK"
225,01100111100,-0.2794912889392789,"(1, 2, 5, 6, 7, 8)","BIL, SHY, MTUM, SPY, EWC, EEM"
226,01110001011,-0.2539871290654232,"(1, 2, 3, 7, 9, 10)","BIL, SHY, QQQ, EWC, VGK, USMV"
227,01110100011,-0.2389555576683442,"(1, 2, 3, 5, 9, 10)","BIL, SHY, QQQ, MTUM, VGK, USMV"
228,01110011001,-0.22996338585784715,"(1, 2, 3, 6, 7, 10)","BIL, SHY, QQQ, SPY, EWC, USMV"
229,01110000111,-0.22400209490712086,"(1, 2, 3, 8, 9, 10)","BIL, SHY, QQQ, EEM, VGK, USMV"
230,01110110001,-0.21319295428222107,"(1, 2, 3, 5, 6, 10)","BIL, SHY, QQQ, MTUM, SPY, USMV"
231,01101101010,-0.21046867517656276,"(1, 2, 4, 5, 7, 9)","BIL, SHY, VUG, MTUM, EWC, VGK"
232,01110010101,-0.19981952382474022,"(1, 2, 3, 6, 8, 10)","BIL, SHY, QQQ, SPY, EEM, USMV"
233,01101001110,-0.19253769226991624,"(1, 2, 4, 7, 8, 9)","BIL, SHY, VUG, EWC, EEM, VGK"
234,01101111000,-0.18572040575998194,"(1, 2, 4, 5, 6, 7)","BIL, SHY, VUG, MTUM, SPY, EWC"
235,01101100110,-0.180161929709576,"(1, 2, 4, 5, 8, 9)","BIL, SHY, VUG, MTUM, EEM, VGK"
236,01101011100,-0.16936945515707835,"(1, 2, 4, 6, 7, 8)","BIL, SHY, VUG, SPY, EWC, EEM"
237,01101110100,-0.15525483241819193,"(1, 2, 4, 5, 6, 8)","BIL, SHY, VUG, MTUM, SPY, EEM"
238,01111000011,-0.11470767586296793,"(1, 2, 3, 4, 9, 10)","BIL, SHY, QQQ, VUG, VGK, USMV"
239,01110101001,-0.10187222664300988,"(1, 2, 3, 5, 7, 10)","BIL, SHY, QQQ, MTUM, EWC, USMV"
240,01110001101,-0.08976249452035567,"(1, 2, 3, 7, 8, 10)","BIL, SHY, QQQ, EWC, EEM, USMV"
241,01111010001,-0.08537979886436853,"(1, 2, 3, 4, 6, 10)","BIL, SHY, QQQ, VUG, SPY, USMV"
242,01110100101,-0.07229271726744102,"(1, 2, 3, 5, 8, 10)","BIL, SHY, QQQ, MTUM, EEM, USMV"
243,01110011010,-0.05687001641039924,"(1, 2, 3, 6, 7, 9)","BIL, SHY, QQQ, SPY, EWC, VGK"
244,01101101100,-0.04511871403706369,"(1, 2, 4, 5, 7, 8)","BIL, SHY, VUG, MTUM, EWC, EEM"
245,01110110010,-0.03644690329973699,"(1, 2, 3, 5, 6, 9)","BIL, SHY, QQQ, MTUM, SPY, VGK"
246,01110010110,-0.027349576681214405,"(1, 2, 3, 6, 8, 9)","BIL, SHY, QQQ, SPY, EEM, VGK"
247,01111001001,0.028364137658603017,"(1, 2, 3, 4, 7, 10)","BIL, SHY, QQQ, VUG, EWC, USMV"
248,01111100001,0.05319511393523202,"(1, 2, 3, 4, 5, 10)","BIL, SHY, QQQ, VUG, MTUM, USMV"
249,01111000101,0.05658951580162519,"(1, 2, 3, 4, 8, 10)","BIL, SHY, QQQ, VUG, EEM, USMV"
250,01110101010,0.07655159963425584,"(1, 2, 3, 5, 7, 9)","BIL, SHY, QQQ, MTUM, EWC, VGK"
251,01110001110,0.08438522791795089,"(1, 2, 3, 7, 8, 9)","BIL, SHY, QQQ, EWC, EEM, VGK"
252,01111010010,0.09759811677611063,"(1, 2, 3, 4, 6, 9)","BIL, SHY, QQQ, VUG, SPY, VGK"
253,01110100110,0.1055076867059026,"(1, 2, 3, 5, 8, 9)","BIL, SHY, QQQ, MTUM, EEM, VGK"
254,01110111000,0.10767689599298169,"(1, 2, 3, 5, 6, 7)","BIL, SHY, QQQ, MTUM, SPY, EWC"
255,01110011100,0.1139304919729347,"(1, 2, 3, 6, 7, 8)","BIL, SHY, QQQ, SPY, EWC, EEM"
256,01110110100,0.1367918109394326,"(1, 2, 3, 5, 6, 8)","BIL, SHY, QQQ, MTUM, SPY, EEM"
257,01111001010,0.2130198285938638,"(1, 2, 3, 4, 7, 9)","BIL, SHY, QQQ, VUG, EWC, VGK"
258,01111000110,0.24062178443296434,"(1, 2, 3, 4, 8, 9)","BIL, SHY, QQQ, VUG, EEM, VGK"
259,01111100010,0.241503486405529,"(1, 2, 3, 4, 5, 9)","BIL, SHY, QQQ, VUG, MTUM, VGK"
260,01111011000,0.24771039856506638,"(1, 2, 3, 4, 6, 7)","BIL, SHY, QQQ, VUG, SPY, EWC"
261,01110101100,0.2512364720736371,"(1, 2, 3, 5, 7, 8)","BIL, SHY, QQQ, MTUM, EWC, EEM"
262,01111010100,0.2754711822789697,"(1, 2, 3, 4, 6, 8)","BIL, SHY, QQQ, VUG, SPY, EEM"
263,01111110000,0.27793291655527863,"(1, 2, 3, 4, 5, 6)","BIL, SHY, QQQ, VUG, MTUM, SPY"
264,01111001100,0.3923390522969341,"(1, 2, 3, 4, 7, 8)","BIL, SHY, QQQ, VUG, EWC, EEM"
265,01111101000,0.3960644849080701,"(1, 2, 3, 4, 5, 7)","BIL, SHY, QQQ, VUG, MTUM, EWC"
266,01111100100,0.4232609159644354,"(1, 2, 3, 4, 5, 8)","BIL, SHY, QQQ, VUG, MTUM, EEM"
267,10000011111,4.4561590389924595,"(0, 6, 7, 8, 9, 10)","SGOV, SPY, EWC, EEM, VGK, USMV"
268,10000111011,4.527151834613424,"(0, 5, 6, 7, 9, 10)","SGOV, MTUM, SPY, EWC, VGK, USMV"
269,10000110111,4.537183707666438,"(0, 5, 6, 8, 9, 10)","SGOV, MTUM, SPY, EEM, VGK, USMV"
270,10000101111,4.68618468259246,"(0, 5, 7, 8, 9, 10)","SGOV, MTUM, EWC, EEM, VGK, USMV"
271,10000111101,4.766872657850472,"(0, 5, 6, 7, 8, 10)","SGOV, MTUM, SPY, EWC, EEM, USMV"
272,10001011011,4.787782840358345,"(0, 4, 6, 7, 9, 10)","SGOV, VUG, SPY, EWC, VGK, USMV"
273,10001010111,4.796460582178813,"(0, 4, 6, 8, 9, 10)","SGOV, VUG, SPY, EEM, VGK, USMV"
274,10001110011,4.876168708056037,"(0, 4, 5, 6, 9, 10)","SGOV, VUG, MTUM, SPY, VGK, USMV"
275,10001001111,4.947884765988594,"(0, 4, 7, 8, 9, 10)","SGOV, VUG, EWC, EEM, VGK, USMV"
276,10001101011,5.028856590200645,"(0, 4, 5, 7, 9, 10)","SGOV, VUG, MTUM, EWC, VGK, USMV"
277,10001011101,5.032138014859084,"(0, 4, 6, 7, 8, 10)","SGOV, VUG, SPY, EWC, EEM, USMV"
278,10001100111,5.036969979363575,"(0, 4, 5, 8, 9, 10)","SGOV, VUG, MTUM, EEM, VGK, USMV"
279,10000111110,5.045513842206612,"(0, 5, 6, 7, 8, 9)","SGOV, MTUM, SPY, EWC, EEM, VGK"
280,10001111001,5.114689871374878,"(0, 4, 5, 6, 7, 10)","SGOV, VUG, MTUM, SPY, EWC, USMV"
281,10001110101,5.122962088412613,"(0, 4, 5, 6, 8, 10)","SGOV, VUG, MTUM, SPY, EEM, USMV"
282,10001101101,5.2770961287574325,"(0, 4, 5, 7, 8, 10)","SGOV, VUG, MTUM, EWC, EEM, USMV"
283,10001011110,5.317011063873219,"(0, 4, 6, 7, 8, 9)","SGOV, VUG, SPY, EWC, EEM, VGK"
284,10010011011,5.353770306178067,"(0, 3, 6, 7, 9, 10)","SGOV, QQQ, SPY, EWC, VGK, USMV"
285,10010010111,5.361097389603193,"(0, 3, 6, 8, 9, 10)","SGOV, QQQ, SPY, EEM, VGK, USMV"
286,10001111010,5.403839024227971,"(0, 4, 5, 6, 7, 9)","SGOV, VUG, MTUM, SPY, EWC, VGK"
287,10001110110,5.411487818961783,"(0, 4, 5, 6, 8, 9)","SGOV, VUG, MTUM, SPY, EEM, VGK"
288,10010110011,5.45090287010337,"(0, 3, 5, 6, 9, 10)","SGOV, QQQ, MTUM, SPY, VGK, USMV"
289,10010001111,5.5168301161660525,"(0, 3, 7, 8, 9, 10)","SGOV, QQQ, EWC, EEM, VGK, USMV"
290,10001101110,5.567299634601387,"(0, 4, 5, 7, 8, 9)","SGOV, VUG, MTUM, EWC, EEM, VGK"
291,01000011111,5.6024981700770065,"(1, 6, 7, 8, 9, 10)","BIL, SPY, EWC, EEM, VGK, USMV"
292,10010011101,5.607460391978688,"(0, 3, 6, 7, 8, 10)","SGOV, QQQ, SPY, EWC, EEM, USMV"
293,10010101011,5.607899295001054,"(0, 3, 5, 7, 9, 10)","SGOV, QQQ, MTUM, EWC, VGK, USMV"
294,10010100111,5.614662025768645,"(0, 3, 5, 8, 9, 10)","SGOV, QQQ, MTUM, EEM, VGK, USMV"
295,10001111100,5.658654436623024,"(0, 4, 5, 6, 7, 8)","SGOV, VUG, MTUM, SPY, EWC, EEM"
296,01000111011,5.68619331979197,"(1, 5, 6, 7, 9, 10)","BIL, MTUM, SPY, EWC, VGK, USMV"
297,01000110111,5.692904008852457,"(1, 5, 6, 8, 9, 10)","BIL, MTUM, SPY, EEM, VGK, USMV"
298,10010111001,5.7001096031174345,"(0, 3, 5, 6, 7, 10)","SGOV, QQQ, MTUM, SPY, EWC, USMV"
299,10010110101,5.7070311617598275,"(0, 3, 5, 6, 8, 10)","SGOV, QQQ, MTUM, SPY, EEM, USMV"
300,10011010011,5.7400914134056285,"(0, 3, 4, 6, 9, 10)","SGOV, QQQ, VUG, SPY, VGK, USMV"
301,01000101111,5.84757544244407,"(1, 5, 7, 8, 9, 10)","BIL, MTUM, EWC, EEM, VGK, USMV"
302,10010101101,5.865473744857724,"(0, 3, 5, 7, 8, 10)","SGOV, QQQ, MTUM, EWC, EEM, USMV"
303,10011001011,5.899511047187074,"(0, 3, 4, 7, 9, 10)","SGOV, QQQ, VUG, EWC, VGK, USMV"
304,10011000111,5.904919646722117,"(0, 3, 4, 8, 9, 10)","SGOV, QQQ, VUG, EEM, VGK, USMV"
305,10010011110,5.905015350430986,"(0, 3, 6, 7, 8, 9)","SGOV, QQQ, SPY, EWC, EEM, VGK"
306,01000111101,5.9359040050369725,"(1, 5, 6, 7, 8, 10)","BIL, MTUM, SPY, EWC, EEM, USMV"
307,01001011011,5.966223061533261,"(1, 4, 6, 7, 9, 10)","BIL, VUG, SPY, EWC, VGK, USMV"
308,01001010111,5.971579619361199,"(1, 4, 6, 8, 9, 10)","BIL, VUG, SPY, EEM, VGK, USMV"
309,10011011001,5.995286628915929,"(0, 3, 4, 6, 7, 10)","SGOV, QQQ, VUG, SPY, EWC, USMV"
310,10011010101,6.000854056325776,"(0, 3, 4, 6, 8, 10)","SGOV, QQQ, VUG, SPY, EEM, USMV"
311,10010111010,6.001940665408689,"(0, 3, 5, 6, 7, 9)","SGOV, QQQ, MTUM, SPY, EWC, VGK"
312,10011100011,6.004704155813381,"(0, 3, 4, 5, 9, 10)","SGOV, QQQ, VUG, MTUM, VGK, USMV"
313,10010110110,6.0082388017471615,"(0, 3, 5, 6, 8, 9)","SGOV, QQQ, MTUM, SPY, EEM, VGK"
314,01001110011,6.063990099332424,"(1, 4, 5, 6, 9, 10)","BIL, VUG, MTUM, SPY, VGK, USMV"
315,10011110001,6.102218597720785,"(0, 3, 4, 5, 6, 10)","SGOV, QQQ, VUG, MTUM, SPY, USMV"
316,01001001111,6.128674261836574,"(1, 4, 7, 8, 9, 10)","BIL, VUG, EWC, EEM, VGK, USMV"
317,10011001101,6.161719848307431,"(0, 3, 4, 7, 8, 10)","SGOV, QQQ, VUG, EWC, EEM, USMV"
318,10010101110,6.168359160139838,"(0, 3, 5, 7, 8, 9)","SGOV, QQQ, MTUM, EWC, EEM, VGK"
319,01001011101,6.2205680980419515,"(1, 4, 6, 7, 8, 10)","BIL, VUG, SPY, EWC, EEM, USMV"
320,01001101011,6.222348440142625,"(1, 4, 5, 7, 9, 10)","BIL, VUG, MTUM, EWC, VGK, USMV"
321,01001100111,6.227140645313027,"(1, 4, 5, 8, 9, 10)","BIL, VUG, MTUM, EEM, VGK, USMV"
322,01000111110,6.228411990423053,"(1, 5, 6, 7, 8, 9)","BIL, MTUM, SPY, EWC, EEM, VGK"
323,10011101001,6.264348088037267,"(0, 3, 4, 5, 7, 10)","SGOV, QQQ, VUG, MTUM, EWC, USMV"
324,10010111100,6.266090989103626,"(0, 3, 5, 6, 7, 8)","SGOV, QQQ, MTUM, SPY, EWC, EEM"
325,10011100101,6.269351162789577,"(0, 3, 4, 5, 8, 10)","SGOV, QQQ, VUG, MTUM, EEM, USMV"
326,10011011010,6.30334955586518,"(0, 3, 4, 6, 7, 9)","SGOV, QQQ, VUG, SPY, EWC, VGK"
327,10011010110,6.308293560971107,"(0, 3, 4, 6, 8, 9)","SGOV, QQQ, VUG, SPY, EEM, VGK"
328,01001111001,6.315822308651747,"(1, 4, 5, 6, 7, 10)","BIL, VUG, MTUM, SPY, EWC, USMV"
329,01001110101,6.320773341696953,"(1, 4, 5, 6, 8, 10)","BIL, VUG, MTUM, SPY, EEM, USMV"
330,10011110010,6.413934206205073,"(0, 3, 4, 5, 6, 9)","SGOV, QQQ, VUG, MTUM, SPY, VGK"
331,10011001110,6.4708371282475445,"(0, 3, 4, 7, 8, 9)","SGOV, QQQ, VUG, EWC, EEM, VGK"
332,01001101101,6.480577840707364,"(1, 4, 5, 7, 8, 10)","BIL, VUG, MTUM, EWC, EEM, USMV"
333,01001011110,6.519307948086027,"(1, 4, 6, 7, 8, 9)","BIL, VUG, SPY, EWC, EEM, VGK"
334,01010011011,6.568706160376669,"(1, 3, 6, 7, 9, 10)","BIL, QQQ, SPY, EWC, VGK, USMV"
335,10011011100,6.572134230823806,"(0, 3, 4, 6, 7, 8)","SGOV, QQQ, VUG, SPY, EWC, EEM"
336,01010010111,6.572712059809268,"(1, 3, 6, 8, 9, 10)","BIL, QQQ, SPY, EEM, VGK, USMV"
337,10011101010,6.577741471816336,"(0, 3, 4, 5, 7, 9)","SGOV, QQQ, VUG, MTUM, EWC, VGK"
338,10011100110,6.582121124264724,"(0, 3, 4, 5, 8, 9)","SGOV, QQQ, VUG, MTUM, EEM, VGK"
339,01001111010,6.618838262534783,"(1, 4, 5, 6, 7, 9)","BIL, VUG, MTUM, SPY, EWC, VGK"
340,01001110110,6.623165873276067,"(1, 4, 5, 6, 8, 9)","BIL, VUG, MTUM, SPY, EEM, VGK"
341,01010110011,6.675219894403446,"(1, 3, 5, 6, 9, 10)","BIL, QQQ, MTUM, SPY, VGK, USMV"
342,10011111000,6.680618606696341,"(0, 3, 4, 5, 6, 7)","SGOV, QQQ, VUG, MTUM, SPY, EWC"
343,10011110100,6.685157087019532,"(0, 3, 4, 5, 6, 8)","SGOV, QQQ, VUG, MTUM, SPY, EEM"
344,01010001111,6.73411524503772,"(1, 3, 7, 8, 9, 10)","BIL, QQQ, EWC, EEM, VGK, USMV"
345,01001101110,6.78464814758126,"(1, 4, 5, 7, 8, 9)","BIL, VUG, MTUM, EWC, EEM, VGK"
346,01010011101,6.832386108185244,"(1, 3, 6, 7, 8, 10)","BIL, QQQ, SPY, EWC, EEM, USMV"
347,01010101011,6.837886777966723,"(1, 3, 5, 7, 9, 10)","BIL, QQQ, MTUM, EWC, VGK, USMV"
348,01010100111,6.841328324741784,"(1, 3, 5, 8, 9, 10)","BIL, QQQ, MTUM, EEM, VGK, USMV"
349,10011101100,6.850410510831009,"(0, 3, 4, 5, 7, 8)","SGOV, QQQ, VUG, MTUM, EWC, EEM"
350,01001111100,6.8836435369377895,"(1, 4, 5, 6, 7, 8)","BIL, VUG, MTUM, SPY, EWC, EEM"
351,01010111001,6.93773767341799,"(1, 3, 5, 6, 7, 10)","BIL, QQQ, MTUM, SPY, EWC, USMV"
352,01010110101,6.9413380480678555,"(1, 3, 5, 6, 8, 10)","BIL, QQQ, MTUM, SPY, EEM, USMV"
353,01011010011,6.983807173702071,"(1, 3, 4, 6, 9, 10)","BIL, QQQ, VUG, SPY, VGK, USMV"
354,00100011111,7.094555452443503,"(2, 6, 7, 8, 9, 10)","SHY, SPY, EWC, EEM, VGK, USMV"
355,01010101101,7.1054510898313445,"(1, 3, 5, 7, 8, 10)","BIL, QQQ, MTUM, EWC, EEM, USMV"
356,01010011110,7.143807867667485,"(1, 3, 6, 7, 8, 9)","BIL, QQQ, SPY, EWC, EEM, VGK"
357,01011001011,7.14889726614911,"(1, 3, 4, 7, 9, 10)","BIL, QQQ, VUG, EWC, VGK, USMV"
358,01011000111,7.150984681691625,"(1, 3, 4, 8, 9, 10)","BIL, QQQ, VUG, EEM, VGK, USMV"
359,00100111011,7.194602672412238,"(2, 5, 6, 7, 9, 10)","SHY, MTUM, SPY, EWC, VGK, USMV"
360,00100110111,7.197957546188029,"(2, 5, 6, 8, 9, 10)","SHY, MTUM, SPY, EEM, VGK, USMV"
361,01011011001,7.252313435212855,"(1, 3, 4, 6, 7, 10)","BIL, QQQ, VUG, SPY, EWC, USMV"
362,01010111010,7.25343553673919,"(1, 3, 5, 6, 7, 9)","BIL, QQQ, MTUM, SPY, EWC, VGK"
363,01011010101,7.254559678630173,"(1, 3, 4, 6, 8, 10)","BIL, QQQ, VUG, SPY, EEM, USMV"
364,01010110110,7.256412489085134,"(1, 3, 5, 6, 8, 9)","BIL, QQQ, MTUM, SPY, EEM, VGK"
365,01011100011,7.263471544876889,"(1, 3, 4, 5, 9, 10)","BIL, QQQ, VUG, MTUM, VGK, USMV"
366,00100101111,7.359690910019762,"(2, 5, 7, 8, 9, 10)","SHY, MTUM, EWC, EEM, VGK, USMV"
367,01011110001,7.36862657411918,"(1, 3, 4, 5, 6, 10)","BIL, QQQ, VUG, MTUM, SPY, USMV"
368,01011001101,7.421095929277421,"(1, 3, 4, 7, 8, 10)","BIL, QQQ, VUG, EWC, EEM, USMV"
369,01010101110,7.422203306143404,"(1, 3, 5, 7, 8, 9)","BIL, QQQ, MTUM, EWC, EEM, VGK"
370,00100111101,7.457415983394809,"(2, 5, 6, 7, 8, 10)","SHY, MTUM, SPY, EWC, EEM, USMV"
371,00101011011,7.4999112141437205,"(2, 4, 6, 7, 9, 10)","SHY, VUG, SPY, EWC, VGK, USMV"
372,00101010111,7.501911956686966,"(2, 4, 6, 8, 9, 10)","SHY, VUG, SPY, EEM, VGK, USMV"
373,01010111100,7.527575722442078,"(1, 3, 5, 6, 7, 8)","BIL, QQQ, MTUM, SPY, EWC, EEM"
374,01011101001,7.536426523101255,"(1, 3, 4, 5, 7, 10)","BIL, QQQ, VUG, MTUM, EWC, USMV"
375,01011100101,7.538108413861038,"(1, 3, 4, 5, 8, 10)","BIL, QQQ, VUG, MTUM, EEM, USMV"
376,01011011010,7.574243163192049,"(1, 3, 4, 6, 7, 9)","BIL, QQQ, VUG, SPY, EWC, VGK"
377,01011010110,7.575865984305446,"(1, 3, 4, 6, 8, 9)","BIL, QQQ, VUG, SPY, EEM, VGK"
378,00101110011,7.610674506911962,"(2, 4, 5, 6, 9, 10)","SHY, VUG, MTUM, SPY, VGK, USMV"
379,00101001111,7.666068529402461,"(2, 4, 7, 8, 9, 10)","SHY, VUG, EWC, EEM, VGK, USMV"
380,01011110010,7.69420898363341,"(1, 3, 4, 5, 6, 9)","BIL, QQQ, VUG, MTUM, SPY, VGK"
381,01011001110,7.744080010247476,"(1, 3, 4, 7, 8, 9)","BIL, QQQ, VUG, EWC, EEM, VGK"
382,00101011101,7.767358876389982,"(2, 4, 6, 7, 8, 10)","SHY, VUG, SPY, EWC, EEM, USMV"
383,00100111110,7.769190918190585,"(2, 5, 6, 7, 8, 9)","SHY, MTUM, SPY, EWC, EEM, VGK"
384,00101101011,7.7760947779622835,"(2, 4, 5, 7, 9, 10)","SHY, VUG, MTUM, EWC, VGK, USMV"
385,00101100111,7.777531167847991,"(2, 4, 5, 8, 9, 10)","SHY, VUG, MTUM, EEM, VGK, USMV"
386,01011011100,7.853017700158626,"(1, 3, 4, 6, 7, 8)","BIL, QQQ, VUG, SPY, EWC, EEM"
387,01011101010,7.863686707910266,"(1, 3, 4, 5, 7, 9)","BIL, QQQ, VUG, MTUM, EWC, VGK"
388,01011100110,7.864745176366126,"(1, 3, 4, 5, 8, 9)","BIL, QQQ, VUG, MTUM, EEM, VGK"
389,00101111001,7.87896515725355,"(2, 4, 5, 6, 7, 10)","SHY, VUG, MTUM, SPY, EWC, USMV"
390,00101110101,7.88056037501406,"(2, 4, 5, 6, 8, 10)","SHY, VUG, MTUM, SPY, EEM, USMV"
391,01011111000,7.974204430125162,"(1, 3, 4, 5, 6, 7)","BIL, QQQ, VUG, MTUM, SPY, EWC"
392,01011110100,7.975421726455826,"(1, 3, 4, 5, 6, 8)","BIL, QQQ, VUG, MTUM, SPY, EEM"
393,00101101101,8.04742680426459,"(2, 4, 5, 7, 8, 10)","SHY, VUG, MTUM, EWC, EEM, USMV"
394,00101011110,8.085365675843754,"(2, 4, 6, 7, 8, 9)","SHY, VUG, SPY, EWC, EEM, VGK"
395,01011101100,8.146345608932894,"(1, 3, 4, 5, 7, 8)","BIL, QQQ, VUG, MTUM, EWC, EEM"
396,00110011011,8.149613445800538,"(2, 3, 6, 7, 9, 10)","SHY, QQQ, SPY, EWC, VGK, USMV"
397,00110010111,8.150263529948443,"(2, 3, 6, 8, 9, 10)","SHY, QQQ, SPY, EEM, VGK, USMV"
398,00101111010,8.201248060546277,"(2, 4, 5, 6, 7, 9)","SHY, VUG, MTUM, SPY, EWC, VGK"
399,00101110110,8.202219856002866,"(2, 4, 5, 6, 8, 9)","SHY, VUG, MTUM, SPY, EEM, VGK"
400,00110110011,8.269123434796391,"(2, 3, 5, 6, 9, 10)","SHY, QQQ, MTUM, SPY, VGK, USMV"
401,00110001111,8.318728645417014,"(2, 3, 7, 8, 9, 10)","SHY, QQQ, EWC, EEM, VGK, USMV"
402,00101101110,8.370764060548181,"(2, 4, 5, 7, 8, 9)","SHY, VUG, MTUM, EWC, EEM, VGK"
403,00110011101,8.42639601934668,"(2, 3, 6, 7, 8, 10)","SHY, QQQ, SPY, EWC, EEM, USMV"
404,00110101011,8.438852248599789,"(2, 3, 5, 7, 9, 10)","SHY, QQQ, MTUM, EWC, VGK, USMV"
405,00110100111,8.438937980090156,"(2, 3, 5, 8, 9, 10)","SHY, QQQ, MTUM, EEM, VGK, USMV"
406,00101111100,8.479155960686853,"(2, 4, 5, 6, 7, 8)","SHY, VUG, MTUM, SPY, EWC, EEM"
407,00110111001,8.548099654833196,"(2, 3, 5, 6, 7, 10)","SHY, QQQ, MTUM, SPY, EWC, USMV"
408,00110110101,8.54834421419837,"(2, 3, 5, 6, 8, 10)","SHY, QQQ, MTUM, SPY, EEM, USMV"
409,00111010011,8.602989514085214,"(2, 3, 4, 6, 9, 10)","SHY, QQQ, VUG, SPY, VGK, USMV"
410,00110101101,8.719519186201978,"(2, 3, 5, 7, 8, 10)","SHY, QQQ, MTUM, EWC, EEM, USMV"
411,00110011110,8.757084728238619,"(2, 3, 6, 7, 8, 9)","SHY, QQQ, SPY, EWC, EEM, VGK"
412,00111000111,8.77387313703019,"(2, 3, 4, 8, 9, 10)","SHY, QQQ, VUG, EEM, VGK, USMV"
413,00111001011,8.77514153677237,"(2, 3, 4, 7, 9, 10)","SHY, QQQ, VUG, EWC, VGK, USMV"
414,00110110110,8.882685604625344,"(2, 3, 5, 6, 8, 9)","SHY, QQQ, MTUM, SPY, EEM, VGK"
415,00110111010,8.883064467564093,"(2, 3, 5, 6, 7, 9)","SHY, QQQ, MTUM, SPY, EWC, VGK"
416,00111010101,8.88684464475088,"(2, 3, 4, 6, 8, 10)","SHY, QQQ, VUG, SPY, EEM, USMV"
417,00111011001,8.887954216618255,"(2, 3, 4, 6, 7, 10)","SHY, QQQ, VUG, SPY, EWC, USMV"
418,00111100011,8.902712070469224,"(2, 3, 4, 5, 9, 10)","SHY, QQQ, VUG, MTUM, VGK, USMV"
419,00111110001,9.017263610493657,"(2, 3, 4, 5, 6, 10)","SHY, QQQ, VUG, MTUM, SPY, USMV"
420,00110101110,9.055538351923733,"(2, 3, 5, 7, 8, 9)","SHY, QQQ, MTUM, EWC, EEM, VGK"
421,00111001101,9.060442825638248,"(2, 3, 4, 7, 8, 10)","SHY, QQQ, VUG, EWC, EEM, USMV"
422,00110111100,9.170307279004549,"(2, 3, 5, 6, 7, 8)","SHY, QQQ, MTUM, SPY, EWC, EEM"
423,00111100101,9.190451565190942,"(2, 3, 4, 5, 8, 10)","SHY, QQQ, VUG, MTUM, EEM, USMV"
424,00111101001,9.192125489715856,"(2, 3, 4, 5, 7, 10)","SHY, QQQ, VUG, MTUM, EWC, USMV"
425,00111010110,9.227417899835848,"(2, 3, 4, 6, 8, 9)","SHY, QQQ, VUG, SPY, EEM, VGK"
426,00111011010,9.229150894007145,"(2, 3, 4, 6, 7, 9)","SHY, QQQ, VUG, SPY, EWC, VGK"
427,00111110010,9.362112969417586,"(2, 3, 4, 5, 6, 9)","SHY, QQQ, VUG, MTUM, SPY, VGK"
428,00111001110,9.402693856017997,"(2, 3, 4, 7, 8, 9)","SHY, QQQ, VUG, EWC, EEM, VGK"
429,00111011100,9.52102805671129,"(2, 3, 4, 6, 7, 8)","SHY, QQQ, VUG, SPY, EWC, EEM"
430,00111100110,9.536355277105725,"(2, 3, 4, 5, 8, 9)","SHY, QQQ, VUG, MTUM, EEM, VGK"
431,00111101010,9.538652623934562,"(2, 3, 4, 5, 7, 9)","SHY, QQQ, VUG, MTUM, EWC, VGK"
432,00111110100,9.656428337977566,"(2, 3, 4, 5, 6, 8)","SHY, QQQ, VUG, MTUM, SPY, EEM"
433,00111111000,9.658566856931596,"(2, 3, 4, 5, 6, 7)","SHY, QQQ, VUG, MTUM, SPY, EWC"
434,00111101100,9.834414150694755,"(2, 3, 4, 5, 7, 8)","SHY, QQQ, VUG, MTUM, EWC, EEM"
435,00000111111,18.274747505762495,"(5, 6, 7, 8, 9, 10)","MTUM, SPY, EWC, EEM, VGK, USMV"
436,00001011111,18.765464522638435,"(4, 6, 7, 8, 9, 10)","VUG, SPY, EWC, EEM, VGK, USMV"
437,00001110111,18.968409323713665,"(4, 5, 6, 8, 9, 10)","VUG, MTUM, SPY, EEM, VGK, USMV"
438,00001111011,18.99295206855366,"(4, 5, 6, 7, 9, 10)","VUG, MTUM, SPY, EWC, VGK, USMV"
439,00001101111,19.186621908888267,"(4, 5, 7, 8, 9, 10)","VUG, MTUM, EWC, EEM, VGK, USMV"
440,00001111101,19.36373940811948,"(4, 5, 6, 7, 8, 10)","VUG, MTUM, SPY, EWC, EEM, USMV"
441,00010011111,19.765701638046583,"(3, 6, 7, 8, 9, 10)","QQQ, SPY, EWC, EEM, VGK, USMV"
442,00001111110,19.824350701447,"(4, 5, 6, 7, 8, 9)","VUG, MTUM, SPY, EWC, EEM, VGK"
443,00010110111,19.977393135349423,"(3, 5, 6, 8, 9, 10)","QQQ, MTUM, SPY, EEM, VGK, USMV"
444,00010111011,20.00328653858476,"(3, 5, 6, 7, 9, 10)","QQQ, MTUM, SPY, EWC, VGK, USMV"
445,00010101111,20.199914263277098,"(3, 5, 7, 8, 9, 10)","QQQ, MTUM, EWC, EEM, VGK, USMV"
446,00010111101,20.383408789450456,"(3, 5, 6, 7, 8, 10)","QQQ, MTUM, SPY, EWC, EEM, USMV"
447,00011010111,20.496667689782708,"(3, 4, 6, 8, 9, 10)","QQQ, VUG, SPY, EEM, VGK, USMV"
448,00011011011,20.523915224250587,"(3, 4, 6, 7, 9, 10)","QQQ, VUG, SPY, EWC, VGK, USMV"
449,00011001111,20.72161202659414,"(3, 4, 7, 8, 9, 10)","QQQ, VUG, EWC, EEM, VGK, USMV"
450,00011110011,20.74296792057714,"(3, 4, 5, 6, 9, 10)","QQQ, VUG, MTUM, SPY, VGK, USMV"
451,00010111110,20.856701992216138,"(3, 5, 6, 7, 8, 9)","QQQ, MTUM, SPY, EWC, EEM, VGK"
452,00011011101,20.908671826379976,"(3, 4, 6, 7, 8, 10)","QQQ, VUG, SPY, EWC, EEM, USMV"
453,00011100111,20.941364068597984,"(3, 4, 5, 8, 9, 10)","QQQ, VUG, MTUM, EEM, VGK, USMV"
454,00011101011,20.9691759557234,"(3, 4, 5, 7, 9, 10)","QQQ, VUG, MTUM, EWC, VGK, USMV"
455,00011110101,21.13016272856236,"(3, 4, 5, 6, 8, 10)","QQQ, VUG, MTUM, SPY, EEM, USMV"
456,00011111001,21.157815787812982,"(3, 4, 5, 6, 7, 10)","QQQ, VUG, MTUM, SPY, EWC, USMV"
457,00011101101,21.35781692190884,"(3, 4, 5, 7, 8, 10)","QQQ, VUG, MTUM, EWC, EEM, USMV"
458,00011011110,21.38819689380366,"(3, 4, 6, 7, 8, 9)","QQQ, VUG, SPY, EWC, EEM, VGK"
459,00011110110,21.61334047752108,"(3, 4, 5, 6, 8, 9)","QQQ, VUG, MTUM, SPY, EEM, VGK"
460,00011111010,21.64161695907562,"(3, 4, 5, 6, 7, 9)","QQQ, VUG, MTUM, SPY, EWC, VGK"
461,00011101110,21.84267244616234,"(3, 4, 5, 7, 8, 9)","QQQ, VUG, MTUM, EWC, EEM, VGK"
462,00011111100,22.03683379909932,"(3, 4, 5, 6, 7, 8)","QQQ, VUG, MTUM, SPY, EWC, EEM"
